-- phpMyAdmin SQL Dump
-- version 5.2.1
-- https://www.phpmyadmin.net/
--
-- Host: 127.0.0.1
-- Generation Time: May 06, 2024 at 09:53 AM
-- Server version: 10.4.32-MariaDB
-- PHP Version: 8.2.12

SET SQL_MODE = "NO_AUTO_VALUE_ON_ZERO";
START TRANSACTION;
SET time_zone = "+00:00";


/*!40101 SET @OLD_CHARACTER_SET_CLIENT=@@CHARACTER_SET_CLIENT */;
/*!40101 SET @OLD_CHARACTER_SET_RESULTS=@@CHARACTER_SET_RESULTS */;
/*!40101 SET @OLD_COLLATION_CONNECTION=@@COLLATION_CONNECTION */;
/*!40101 SET NAMES utf8mb4 */;

--
-- Database: `dbpuskesmas`
--

-- --------------------------------------------------------

--
-- Table structure for table `kelurahan`
--

CREATE TABLE `kelurahan` (
  `id` int(11) NOT NULL,
  `nama` varchar(45) DEFAULT NULL,
  `kec_id` int(11) DEFAULT NULL
) ENGINE=InnoDB DEFAULT CHARSET=utf8mb4 COLLATE=utf8mb4_general_ci;

--
-- Dumping data for table `kelurahan`
--

INSERT INTO `kelurahan` (`id`, `nama`, `kec_id`) VALUES
(1, 'Limo', 1),
(2, 'Cinere', 2),
(3, 'Tugu', 3),
(4, 'Tapos', 4),
(5, 'Sawangan', 5),
(6, 'Bojongsari', 6),
(7, 'Beji', 7),
(8, 'Pancoran Mas', 8),
(9, 'Cipayung', 9),
(10, 'Sukmajaya', 10),
(11, 'Cilodong', 11);

-- --------------------------------------------------------

--
-- Table structure for table `paramedik`
--

CREATE TABLE `paramedik` (
  `id` int(11) NOT NULL,
  `nama` varchar(45) DEFAULT NULL,
  `gender` char(1) DEFAULT NULL,
  `tmp_lahir` varchar(30) DEFAULT NULL,
  `tgl_lahir` date DEFAULT NULL,
  `kategori` enum('Dokter','Perawat','Bidan','Apoteker','Ahli Gizi','Teknisi Laboratorium','Radiografer','Farmasis','Fisioterapis') DEFAULT NULL,
  `telpon` varchar(20) DEFAULT NULL,
  `alamat` varchar(100) DEFAULT NULL,
  `unit_kerja_id` int(11) DEFAULT NULL
) ENGINE=InnoDB DEFAULT CHARSET=utf8mb4 COLLATE=utf8mb4_general_ci;

--
-- Dumping data for table `paramedik`
--

INSERT INTO `paramedik` (`id`, `nama`, `gender`, `tmp_lahir`, `tgl_lahir`, `kategori`, `telpon`, `alamat`, `unit_kerja_id`) VALUES
(10, 'Sri', 'P', 'Depok', '1995-02-07', 'Dokter', '081234567890', 'Depok', 5),
(11, 'Agus', 'L', 'Depok', '1993-03-31', 'Teknisi Laboratorium', '081209876543', 'Depok', 3),
(12, 'Nurul', 'P', 'Depok', '1996-10-18', 'Bidan', '081324567890', 'Depok', 4),
(17, 'Tina', 'P', 'Depok', '1998-08-24', 'Farmasis', '0822134567890', 'Depok', 2),
(18, 'Nita', 'P', 'Depok', '1996-06-21', 'Ahli Gizi', '083124567809', 'Depok', 4);

-- --------------------------------------------------------

--
-- Table structure for table `pasien`
--

CREATE TABLE `pasien` (
  `id` int(11) NOT NULL,
  `kode` varchar(10) DEFAULT NULL,
  `nama` varchar(45) DEFAULT NULL,
  `tmp_lahir` varchar(30) DEFAULT NULL,
  `tgl_lahir` date DEFAULT NULL,
  `gender` char(1) DEFAULT NULL,
  `email` varchar(50) DEFAULT NULL,
  `alamat` varchar(100) DEFAULT NULL,
  `kelurahan_id` int(11) DEFAULT NULL
) ENGINE=InnoDB DEFAULT CHARSET=utf8mb4 COLLATE=utf8mb4_general_ci;

--
-- Dumping data for table `pasien`
--

INSERT INTO `pasien` (`id`, `kode`, `nama`, `tmp_lahir`, `tgl_lahir`, `gender`, `email`, `alamat`, `kelurahan_id`) VALUES
(24, 'ABC', 'Dewa', 'Depok', '1998-11-12', 'L', 'dwi@gmail.com', 'Depok', 11),
(25, 'DEF', 'Muhammad', 'Depok', '1997-06-23', 'L', 'muhammad@gmail.com', 'Depok', 8),
(26, 'GHI', 'Dian', 'Depok', '1990-05-13', 'P', 'dian@gmail.com', 'Depok', 9),
(29, 'JKL', 'Budi', 'Depok', '1992-11-24', 'L', 'budi@gmail.com', 'Depok', 10);

-- --------------------------------------------------------

--
-- Table structure for table `periksa`
--

CREATE TABLE `periksa` (
  `id` int(11) NOT NULL,
  `tanggal` date DEFAULT NULL,
  `berat` double DEFAULT NULL,
  `tinggi` double DEFAULT NULL,
  `tensi` varchar(20) DEFAULT NULL,
  `keterangan` varchar(100) DEFAULT NULL,
  `pasien_id` int(11) DEFAULT NULL,
  `dokter_id` int(11) DEFAULT NULL
) ENGINE=InnoDB DEFAULT CHARSET=utf8mb4 COLLATE=utf8mb4_general_ci;

--
-- Dumping data for table `periksa`
--

INSERT INTO `periksa` (`id`, `tanggal`, `berat`, `tinggi`, `tensi`, `keterangan`, `pasien_id`, `dokter_id`) VALUES
(7, '2024-05-04', 50, 150, '140', 'sakit jantung', 24, 10),
(9, '2024-05-05', 67, 169, '120', 'Sakit aja', 26, 18),
(10, '2024-05-05', 70, 175, '130', 'Sakit juga', 29, 17);

-- --------------------------------------------------------

--
-- Table structure for table `unit_kerja`
--

CREATE TABLE `unit_kerja` (
  `id` int(11) NOT NULL,
  `nama` varchar(45) DEFAULT NULL
) ENGINE=InnoDB DEFAULT CHARSET=utf8mb4 COLLATE=utf8mb4_general_ci;

--
-- Dumping data for table `unit_kerja`
--

INSERT INTO `unit_kerja` (`id`, `nama`) VALUES
(1, 'Administrasi'),
(2, 'Farmasi'),
(3, 'Laboratorium'),
(4, 'Poli Umum'),
(5, 'Poli Gigi');

-- --------------------------------------------------------

--
-- Table structure for table `users`
--

CREATE TABLE `users` (
  `id` int(11) NOT NULL,
  `username` varchar(30) NOT NULL,
  `password` varchar(255) NOT NULL,
  `created_at` datetime NOT NULL DEFAULT current_timestamp()
) ENGINE=InnoDB DEFAULT CHARSET=utf8mb4 COLLATE=utf8mb4_general_ci;

--
-- Dumping data for table `users`
--

INSERT INTO `users` (`id`, `username`, `password`, `created_at`) VALUES
(9, 'admin', '123', '2024-05-04 23:16:29');

--
-- Indexes for dumped tables
--

--
-- Indexes for table `kelurahan`
--
ALTER TABLE `kelurahan`
  ADD PRIMARY KEY (`id`);

--
-- Indexes for table `paramedik`
--
ALTER TABLE `paramedik`
  ADD PRIMARY KEY (`id`),
  ADD KEY `unit_kerja_id` (`unit_kerja_id`);

--
-- Indexes for table `pasien`
--
ALTER TABLE `pasien`
  ADD PRIMARY KEY (`id`),
  ADD KEY `kelurahan_id` (`kelurahan_id`);

--
-- Indexes for table `periksa`
--
ALTER TABLE `periksa`
  ADD PRIMARY KEY (`id`),
  ADD KEY `pasien_id` (`pasien_id`),
  ADD KEY `dokter_id` (`dokter_id`);

--
-- Indexes for table `unit_kerja`
--
ALTER TABLE `unit_kerja`
  ADD PRIMARY KEY (`id`);

--
-- Indexes for table `users`
--
ALTER TABLE `users`
  ADD PRIMARY KEY (`id`),
  ADD UNIQUE KEY `username` (`username`);

--
-- AUTO_INCREMENT for dumped tables
--

--
-- AUTO_INCREMENT for table `kelurahan`
--
ALTER TABLE `kelurahan`
  MODIFY `id` int(11) NOT NULL AUTO_INCREMENT, AUTO_INCREMENT=12;

--
-- AUTO_INCREMENT for table `paramedik`
--
ALTER TABLE `paramedik`
  MODIFY `id` int(11) NOT NULL AUTO_INCREMENT, AUTO_INCREMENT=19;

--
-- AUTO_INCREMENT for table `pasien`
--
ALTER TABLE `pasien`
  MODIFY `id` int(11) NOT NULL AUTO_INCREMENT, AUTO_INCREMENT=32;

--
-- AUTO_INCREMENT for table `periksa`
--
ALTER TABLE `periksa`
  MODIFY `id` int(11) NOT NULL AUTO_INCREMENT, AUTO_INCREMENT=11;

--
-- AUTO_INCREMENT for table `unit_kerja`
--
ALTER TABLE `unit_kerja`
  MODIFY `id` int(11) NOT NULL AUTO_INCREMENT, AUTO_INCREMENT=6;

--
-- AUTO_INCREMENT for table `users`
--
ALTER TABLE `users`
  MODIFY `id` int(11) NOT NULL AUTO_INCREMENT, AUTO_INCREMENT=10;

--
-- Constraints for dumped tables
--

--
-- Constraints for table `paramedik`
--
ALTER TABLE `paramedik`
  ADD CONSTRAINT `paramedik_ibfk_1` FOREIGN KEY (`unit_kerja_id`) REFERENCES `unit_kerja` (`id`);

--
-- Constraints for table `pasien`
--
ALTER TABLE `pasien`
  ADD CONSTRAINT `pasien_ibfk_1` FOREIGN KEY (`kelurahan_id`) REFERENCES `kelurahan` (`id`);

--
-- Constraints for table `periksa`
--
ALTER TABLE `periksa`
  ADD CONSTRAINT `periksa_ibfk_1` FOREIGN KEY (`pasien_id`) REFERENCES `pasien` (`id`),
  ADD CONSTRAINT `periksa_ibfk_2` FOREIGN KEY (`dokter_id`) REFERENCES `paramedik` (`id`);
COMMIT;

/*!40101 SET CHARACTER_SET_CLIENT=@OLD_CHARACTER_SET_CLIENT */;
/*!40101 SET CHARACTER_SET_RESULTS=@OLD_CHARACTER_SET_RESULTS */;
/*!40101 SET COLLATION_CONNECTION=@OLD_COLLATION_CONNECTION */;
